,Time,Alpha,Beta,Vega,Rho,ATM_K,K_RR_Call,K_RR_Put,K_BF_Call,K_BF_Put,Vol_ATM,Vol_RR_Call,Vol_RR_Put,Vol_BF_Call,Vol_BF_Put
ON,0.002777777777777778,0.20920253435976877,1.0,4.420662016113897,0.3482249194534002,3.7242171567021454,3.75327175291556,3.697311228107686,3.7525380648513162,3.697311228107686,0.20997635820442842,0.21668412327301906,0.2051032139984097,0.21649925422121696,0.204993142729463
1W,0.019444444444444445,0.13898493667238718,1.0,2.4844624503703945,0.376659616952768,3.726413925386947,3.779369875462743,3.6801226722911524,3.7769245848138,3.6801226722911524,0.14007852754805847,0.14773560816387157,0.1352271506224047,0.14734531895147518,0.1350608042497383
2W,0.03888888888888889,0.13861420787392315,1.0,1.5113679748661213,0.46848325620840686,3.728861503456988,3.804192103393193,3.6645372754617282,3.8001053656429065,3.6645372754617282,0.1393041033902888,0.14704687598163355,0.1337661211331387,0.14660238849754045,0.13356091244518561
1M,0.08333333333333333,0.13765692824186582,1.0,2.140465013532567,0.2336952506101504,3.734211876762935,3.8511165777958394,3.6379114671003396,3.8440404397896155,3.6379114671003396,0.14166135450206283,0.15355491209081595,0.13904231179727677,0.15265442024116213,0.13910340573697133
2M,0.16666666666666666,0.13730913213032092,1.0,1.375977354301553,0.2577831340473889,3.7448022534132206,3.9127423477991075,3.611995995016456,3.8990662678122345,3.611995995016456,0.14055362346511044,0.15172682434610232,0.13726697133622928,0.15062473665458903,0.137265519076782
3M,0.25,0.13391544772224243,1.0,1.2405286963640094,0.3149898720775196,3.7552728827561688,3.9644176278954077,3.599525783703693,3.947367978030455,3.599525783703693,0.13753681790520433,0.15203540850654143,0.13280719380022935,0.15065594152220138,0.13275824124028462
6M,0.5,0.13086051809685367,1.0,1.0790850394052665,0.29310599607226195,3.786808384523047,4.1039908547270585,3.5707585962014363,4.069784079971916,3.5707585962014363,0.13630879413061636,0.15542451690652323,0.13271787305851096,0.15298007201132954,0.13283871041190953
1Y,1.0,0.13304268139212883,1.0,0.7541248124491826,0.35602323380911577,3.850034769950248,4.347682152171348,3.5518921316890673,4.277073911318569,3.5518921316890673,0.1380295804358852,0.1604816610652762,0.1324870720198439,0.15691238679847994,0.13247852368372562
